date,gdp_growth,policy_index,inflation,trend
2010-01-01,0.0,0.0,0.0,0
2010-02-01,0.9791633956865712,-1.1136460270603061,0.7674747625028107,1
2010-03-01,1.3997114622774154,-1.872659705160305,1.158331105658495,2
2010-04-01,1.151771628474997,-0.31998625784258117,0.3931017446520641,3
2010-05-01,1.8315406201643127,-1.9213025379483697,0.48471545068551347,4
2010-06-01,-0.5068024644228586,-1.591353475261485,0.026714768410011025,5
2010-07-01,0.07231527675262606,-0.3059344457411478,0.15416871380245065,6
2010-08-01,-0.004030637028821046,-0.18079926972609583,-1.0679531074165038,7
2010-09-01,-0.8704651947698194,-1.618910854297566,-0.7342161087454825,8
2010-10-01,-1.0113706885549547,-1.1218691720139935,1.877072242429433,9
2010-11-01,0.1812555651707164,-1.1280932266616541,-1.1100415709521982,10
2010-12-01,-0.029960868732209434,-0.030137140787659944,-0.7291378588508863,11
2011-01-01,0.49971148025410855,0.8877951536750364,-1.062834314885512,12
2011-02-01,0.22736339944935008,1.0264456568354217,-0.49841302638879265,13
2011-03-01,1.5712797829690313,1.2395410491591956,-0.5433202132779156,14
2011-04-01,0.9150398198510947,3.4259175447616848,-0.011919374709033759,15
2011-05-01,2.7169736341987427,1.142435041326876,0.36060378210291477,16
2011-06-01,1.8455560708345817,1.7861271839284436,-1.6688026178717923,17
2011-07-01,1.5239734791539725,0.19970502611516627,-0.34632975680086386,18
2011-08-01,1.4299234646762722,1.5501483591892895,0.8090571615260554,19
2011-09-01,0.8043288737693048,0.6251140380891305,0.5934900317503394,20
2011-10-01,0.965379072570795,2.015474166044363,-0.8852162338956269,21
2011-11-01,0.7858569224249936,1.7720174474388584,-0.32304250469166906,22
2011-12-01,1.1135950436890578,-0.36267485134794475,0.8790533527846118,23
2012-01-01,1.6394205997013647,1.0893167241917463,0.6522209219724062,24
2012-02-01,2.262782539472836,0.819981507404642,0.9029469891566415,25
2012-03-01,1.707392688405281,0.45000283820838727,-0.9158761014862151,26
2012-04-01,0.6536987635811068,0.39523691875303907,0.03964243266248568,27
2012-05-01,1.1286772226559607,-0.5020768238255906,-0.5767620188133955,28
2012-06-01,-0.21115858154478995,-1.4855186547896233,-0.6899853556137744,29
2012-07-01,0.04426754967998081,-1.2402597108823497,1.4665394161871206,30
2012-08-01,-0.870351896051564,-0.5399610157477489,-0.022459904704823896,31
2012-09-01,-1.2235962508820073,-0.0031082876333136666,-0.15474393601680575,32
2012-10-01,-0.2780138389953684,-1.1930407196444826,1.369276608718543,33
2012-11-01,-0.8799462189906324,-0.8895543150711593,1.6728962443014233,34
2012-12-01,-1.9605803657943732,0.872838287949473,1.745005054632121,35
2013-01-01,-0.5523373268984311,0.8786301395627245,0.5367874407286983,36
2013-02-01,0.032921658151277275,1.6534686522080884,0.009180642018981056,37
2013-03-01,0.833574340948867,1.0607186068035706,0.7078621098467424,38
2013-04-01,0.3537205700255022,1.3028495848492068,-0.36497658929254273,39
2013-05-01,1.4120160410946379,-0.5973422047071624,-1.2839725193875675,40
2013-06-01,-0.1327386519334034,-0.2519129114586858,-0.13806058443595715,41
2013-07-01,-1.2212241879633297,0.3513490693635962,-0.22277983332200252,42
2013-08-01,-1.7834289220099384,0.8283232801002756,-1.0606996437949057,43
2013-09-01,-1.9064095547565543,-0.21776672325890434,-0.08418657082004952,44
2013-10-01,-2.3160984627201486,-0.9061574981768942,0.8121479710507522,45
2013-11-01,-0.023131461859905444,-0.7052703285101891,1.5038873452804493,46
2013-12-01,0.48241208568214744,-0.13575337522588182,1.9695313771920777,47
2014-01-01,-0.626640819397968,1.6794692441291816,0.8404563425326577,48
2014-02-01,-0.31527223032513657,2.69151073384717,-0.12706387554342619,49
2014-03-01,1.2284144190786281,1.5622334912397289,0.40895146863115295,50
2014-04-01,-0.04052501418147769,0.9456465197125634,-0.19580438111960075,51
2014-05-01,0.9320776088666851,-0.051312747824801774,0.05433053085583754,52
2014-06-01,0.19268563167830988,-0.8301581789317471,1.0015823780528446,53
2014-07-01,0.5945896507729982,-0.8696137613491578,0.7737132569899017,54
2014-08-01,-0.5528630924610078,-0.10008308069787886,-0.01730112000801004,55
2014-09-01,-0.9317614775735836,-0.4835408544798969,-0.3277418243568092,56
2014-10-01,-2.7359419518566734,-1.3846514836452715,-1.1502491390746912,57
2014-11-01,-1.6546481895357816,0.11305170091072347,-1.6939021523064606,58
2014-12-01,-0.4002186509641967,0.4107314613698584,-0.2764379920740697,59
2015-01-01,-0.1955102703918547,0.25417254877374984,0.17482408014921452,60
2015-02-01,1.0839818247995447,0.9548552830636281,0.6523227755889184,61
2015-03-01,1.155061361940479,1.6183798305827208,-1.3788931998172136,62
2015-04-01,0.49072808613749286,3.494665429178869,0.09362861814299206,63
2015-05-01,0.520563313052173,1.4739392960887898,-0.16610986757199958,64
2015-06-01,0.46160517550856006,1.4558334728918672,0.5553317531042332,65
2015-07-01,0.6908883450723463,1.275749165639927,0.9604219677643118,66
2015-08-01,-0.13606796475353689,1.0352048193296153,-0.07135842882860294,67
2015-09-01,-1.466585821597654,-0.8723647967365773,1.3830832923929106,68
2015-10-01,-1.1196650234978347,0.29574493689184267,0.8732258450548206,69
2015-11-01,-2.2668072221993674,-1.337570799105069,2.7693549780349334,70
2015-12-01,-2.915156716784771,-0.24144285587185133,1.697472843581071,71
2016-01-01,-0.8759403727700542,1.4684082645999994,1.6898671241495142,72
2016-02-01,1.0050009853633939,-0.542783147363394,1.7925481112057868,73
2016-03-01,-0.1314967306973337,0.5339645412456601,0.25254819652342403,74
2016-04-01,-0.06817979609316276,-0.3431874606922791,-0.8432345469816316,75
2016-05-01,-0.6741123344165871,-0.8370489952457894,1.3045649500474465,76
2016-06-01,-0.21935092787059962,-1.3626386878399424,0.42985513269838627,77
2016-07-01,-1.789911231001792,-0.8382624662480676,0.31134662591434387,78
2016-08-01,-2.7336546554068244,-1.7411789338876704,-0.38685441408611704,79
2016-09-01,-2.369525784012154,-0.690476807558566,2.0364723330733434,80
2016-10-01,-1.9595832682797087,0.23633426367547739,1.1858142539433916,81
2016-11-01,-1.460026138947173,-1.9089047575524445,0.49245488821322575,82
2016-12-01,-0.9843907908777318,-2.1932743368752154,0.19921311762951535,83
2017-01-01,-1.0585815955817515,-2.026860371665809,2.147726019576505,84
2017-02-01,-0.5814441858872169,-2.246813100723909,-0.08540757791015585,85
2017-03-01,-1.4188578840300126,-1.0962239214807874,-0.04686851910718404,86
2017-04-01,-0.5779798346431573,-1.8900644753352167,1.9400799921458247,87
2017-05-01,-2.844395953233068,-2.862580285248008,1.045396193742191,88
2017-06-01,-2.1031584946393003,-1.2523318828066445,0.12286676470604119,89
2017-07-01,-1.0215284562701328,-0.7422486354709188,0.16722164932036465,90
2017-08-01,-0.8228521154441041,-0.4400302125300302,-0.6663804562239692,91
2017-09-01,-0.9952641302317613,-1.3470505224603007,0.9145399337512949,92
2017-10-01,-0.7287390551256794,-0.22430591512331788,0.24493188994071266,93
2017-11-01,-1.6539643542834275,-0.2187166321536152,-0.5838376635620555,94
2017-12-01,-2.5063777954488513,0.10507775034034011,0.898872447649161,95
2018-01-01,-2.7539163641187514,-0.9847710125843597,-0.100485397961113,96
2018-02-01,-2.531751007376122,-0.8970962828212716,-0.4501729927836464,97
2018-03-01,-2.0494950630353013,-1.4135063946139015,0.517251958330026,98
2018-04-01,-0.8995010208328359,-1.817662543049014,1.2897754126285303,99
2018-05-01,-0.2241519523974187,-1.9592106489489494,0.9748178954760245,100
2018-06-01,-2.484321590317677,-0.2139197801325059,1.4387522620970505,101
2018-07-01,-1.0076252854268988,-0.591510820318628,0.5399176812418367,102
2018-08-01,-0.3545154547075263,-1.584775253130737,-0.7908842191907105,103
2018-09-01,0.10878166740372452,0.07709170272820343,-1.1369350071274977,104
2018-10-01,0.330727621631329,-0.5057737753244906,-1.0543324209677343,105
2018-11-01,-1.3787345545506828,0.5233582228239788,-0.800991314351402,106
2018-12-01,-1.132273650404679,0.8124784544770742,-0.32116557189076655,107
2019-01-01,-1.465247262849814,0.8233601234518283,-0.8635115109625207,108
2019-02-01,0.25387577371947434,-0.22054572316745102,-0.20619567287393128,109
2019-03-01,1.3437206638430612,0.6959550093371121,-1.3326707415370145,110
2019-04-01,0.36486840496114126,-1.4528883696438908,0.35924046358082806,111
2019-05-01,1.7333566107703564,-1.1470561769188616,1.9740548444738926,112
2019-06-01,0.8831180780786619,-0.9282017876360316,0.1174124019838696,113
2019-07-01,-0.20049399248282468,-0.5775692251382295,-0.9951565230222478,114
2019-08-01,-0.8454237153429434,-0.36906648153813654,-0.2136810343269631,115
2019-09-01,-1.0049266537890493,-0.6252640871730234,-0.5481597024264602,116
2019-10-01,-1.6336633518670727,0.4735745083795003,-0.15194772261298037,117
2019-11-01,-0.6814778456637385,0.6759402926751992,-1.0039027146660118,118
2019-12-01,0.5045536960487818,-0.07544803098866226,-0.8187845775551339,119
2020-01-01,-0.26475447901857296,-1.701854483504254,0.8113831205372488,120
2020-02-01,-0.11347923453475517,-0.7232975065988659,0.9727863164441327,121
2020-03-01,-1.2149838745586088,0.8370472846178107,0.2898665161552943,122
2020-04-01,0.7049135645767843,-0.9924301487716461,0.7827637970406611,123
2020-05-01,-0.20933933962451448,-0.28675908489440566,0.13035345429896744,124
2020-06-01,0.4894929700270194,0.03414868129346971,0.6114518791900385,125
2020-07-01,1.1258919838737307,1.0558937300745361,0.5214195537619092,126
2020-08-01,1.9170851807786875,1.0196734346270595,1.550373945283286,127
2020-09-01,1.755557876338633,0.9809584761913948,0.6883869999667664,128
2020-10-01,0.68117160230206,2.045560215519194,0.11591903594384498,129
2020-11-01,-0.00618941155175623,0.46501720099325206,0.5949004986090437,130
2020-12-01,-0.32768177488643624,0.2058373985478683,0.333715272801281,131
2021-01-01,1.9807267393968775,-1.2014890816854218,0.3016291126697709,132
2021-02-01,0.48587690990881727,-0.007907834085999266,1.7005802050332137,133
2021-03-01,-0.6403530846739796,1.6459409557117182,0.37594989605644197,134
2021-04-01,0.15976664814048502,1.6635221456301519,0.5169948727277685,135
2021-05-01,1.4111286191633414,1.2908085541851795,-0.31496749400413454,136
2021-06-01,2.4118778287760576,1.490318921409728,-0.9279436195390693,137
2021-07-01,1.4135037701413102,1.18162642665199,-2.2701918222673325,138
2021-08-01,2.1771683518528944,1.416281152344136,-1.5786847164532432,139
2021-09-01,1.5479301466027464,0.7043300772203842,-0.2231408111357046,140
2021-10-01,1.6568851307289942,0.3723450694608521,-0.46330406475249064,141
2021-11-01,1.1215424002564351,-1.6350084640741698,-0.23010357021530875,142
2021-12-01,1.3513216855199546,-2.0143475027909896,-0.35516747573608154,143
2022-01-01,-0.6288222788399411,-0.6292113235309799,0.573527768947039,144
2022-02-01,-1.353618028918949,-0.9766913909314843,-0.9056015199572445,145
2022-03-01,-1.1219845204045082,0.8360781163763227,-0.5792183495907878,146
2022-04-01,-0.44253035619195785,1.9559260463540737,0.029628364782130816,147
2022-05-01,-1.1065190085228371,1.5639278718500849,-0.27694383792794713,148
2022-06-01,-0.05896763214965859,1.0341577499567918,2.119098500150202,149
2022-07-01,1.0444861383327289,1.3969825340758613,1.160735615096981,150
2022-08-01,0.6264700291464991,1.5887668702702107,0.8338967052368573,151
2022-09-01,-0.39403505146758033,0.26168348630756255,2.2961018975472176,152
2022-10-01,0.46793039309393786,0.11613043711747914,1.6157269874769637,153
2022-11-01,0.6407861844416693,0.8794090541737463,0.3891483658401031,154
2022-12-01,-0.4402086661703565,-0.03078424149621839,-0.619700991783866,155
2023-01-01,0.16481285186481476,0.6322253365021959,1.0023543879327264,156
2023-02-01,-0.17193136975207457,-0.2416726940686641,0.6692017007302588,157
2023-03-01,-0.4293749248096206,2.92348686720147,0.7355295049441825,158
2023-04-01,0.5952217448486326,3.526912930478219,0.1990648613958843,159
2023-05-01,1.3277361896863913,3.5914322898853155,0.3269879702331734,160
2023-06-01,2.5808448402839663,3.4382543945147375,-0.23359335050326108,161
2023-07-01,2.8197332662585235,3.9760526745729496,-0.9509164566290009,162
2023-08-01,3.554738108883169,3.321821545705584,-0.6692072021074567,163
2023-09-01,3.834290097869208,2.023783435084187,-0.752524602391273,164
2023-10-01,3.684696200754798,1.25836243445589,-1.8137699503749762,165
2023-11-01,4.551354677154034,0.774479795221426,-0.530710458560208,166
2023-12-01,2.3855992592707254,0.5738055402017177,-1.6696714924586815,167
2024-01-01,2.3581897281904523,1.1926059750861024,0.8843923759122599,168
2024-02-01,2.645596571255913,-0.6230257901825332,-0.5719040199714687,169
2024-03-01,1.5458363721845276,-0.7500582432627542,-1.4994895498120786,170
2024-04-01,1.1851910715845002,-0.36555375417809416,-1.2294166103882156,171
2024-05-01,1.862162570800064,-1.1713934312596668,-0.46460203291464164,172
2024-06-01,-0.9788818539988614,-0.7960211482494756,-1.1184446043162124,173
2024-07-01,-0.4627047248388564,-0.7289611135421026,-0.25758249124973515,174
2024-08-01,-2.254067263135921,0.27605697051470723,-1.740439212849182,175
2024-09-01,-0.8247261522453775,-0.3821045432735719,-1.408265290558959,176
2024-10-01,-0.8435578883024657,0.06111856589074194,-0.08010277870576457,177
2024-11-01,-1.0687037536490132,-0.30409289122838956,-0.4499015687582056,178
2024-12-01,-1.912222937757638,0.00040696077250046425,0.5857569745119829,179
2025-01-01,-1.3137219267150668,0.6558194866449627,1.3562438962676087,180
2025-02-01,-1.2180511331521386,-1.1128961625052451,-0.1393893442599734,181
2025-03-01,-0.1511959598508692,-0.5622223227234557,-0.37972630431049154,182
2025-04-01,-1.1627364493384702,-0.358365223181911,-1.348099962326588,183
2025-05-01,-0.7216501307412361,0.15889642646233382,-0.7279685906357847,184
2025-06-01,0.919875334586876,-0.7010598705114234,0.46079546886051803,185
2025-07-01,0.8115282579712721,-0.8845286540609065,-0.3812981715661433,186
2025-08-01,0.48284670805124996,-1.0767675690665812,0.45958286498412665,187
2025-09-01,-0.07110662493558562,-1.286756377963864,-0.9252952382006374,188
2025-10-01,0.9969048292964752,-2.6211305435142114,0.24815448111681748,189
2025-11-01,-0.37494337530781424,-0.2421057264522657,-0.055806358730438294,190
2025-12-01,-0.16385816194897998,-1.5856231582080065,0.43855736063710804,191
2026-01-01,1.3926458756324036,-1.454321181996484,-1.7706111016862107,192
2026-02-01,0.8850034812293739,-2.985021593884733,-1.4465634211035705,193
2026-03-01,-1.0824961878614423,-1.6527522211184618,-0.5770430061204934,194
2026-04-01,-1.121602270085443,-1.0604883540796253,-0.5597721610529559,195
2026-05-01,-0.39747013528541364,-0.47186809537677743,-0.9416665025618027,196
2026-06-01,0.083628643255583,-0.9335281573720925,1.9787026082027879,197
2026-07-01,-0.6335934440261708,-0.79271574619761,-0.03881764375420238,198
2026-08-01,-0.10360032377418094,-1.7431570902021543,-0.4442877898441766,199
